simulation	μ	Θ	r_0	r_1	r_2	κ_0	κ_1	κ_2	π_0_0	π_0_1	π_0_2	π_0_3	π_1_0	π_1_1	π_1_2	π_1_3	π_2_0	π_2_1	π_2_2	π_2_3	total.br.len	tree.height
al2_0	0.016544099308160348	18.30969557753323	0.8752990462617615	1.3603252522751235	0.7637818873976949	2.3094723841839655	2.5371088032573392	3.915986494344383	0.17919458387538645	0.4703669583752451	0.2948344447770369	0.05560401297233147	0.3919367124711232	0.3193633895323411	0.19891448033387898	0.08978541766265687	0.14369540492977445	0.359695017249228	0.220342901345775	0.2762666764752225	418.4167277817175	71.97354899171873
al2_1	0.0014525657154644742	72.40995333416629	0.719997181648246	0.2864585950273412	1.9922108765703574	3.819664994481785	1.7098862991926416	1.6940562563258794	0.2598194117777514	0.12262773338408593	0.22584865697269116	0.3917041978654714	0.3072134411434233	0.11565764665639122	0.17751942230727957	0.3996094898929059	0.22835880798175065	0.14341346595128987	0.29281643865912593	0.33541128740783344	985.5325801276542	158.18127776719285
al2_10	0.001425720516280904	23.79095489520018	1.8137904201410326	0.04734362844625016	1.1427411438895791	0.6759612846760549	1.6767464442696913	6.722914507040524	0.06443125377960349	0.1471412987803456	0.021982933251148237	0.7664445141889027	0.37051406513078455	0.05900702009523557	0.24375490458003174	0.32672401019394814	0.19967334212325355	0.04768696152010254	0.07811580779353824	0.6745238885631056	471.8230265821356	58.8720867967697
al2_100	0.013404584705274737	85.70265876396783	2.5679349947310723	0.30824593568495695	0.1312854267017384	4.371267183191612	1.5151811983543242	1.8396599753780065	0.1636108493674022	0.32096986253324183	0.20830822718339312	0.30711106091596274	0.2636606682470147	0.18025158432282043	0.40661200171598383	0.14947574571418124	0.3571819572200238	0.22179431365809077	0.31861105626999003	0.10241267285189545	1128.0675345486015	128.23123239396585
al2_101	0.008246507751582593	4.754403340440304	0.6692572219645437	1.239421978264591	1.0897458341611728	3.242481531599189	2.921047949784351	2.2966291781109462	0.1533455288382955	0.31908078740787904	0.17913806389523712	0.3484356198585885	0.3816644630883133	0.13311358892469236	0.39915594487368183	0.08606600311331247	0.05255524459268036	0.2228317455801183	0.5137355565170365	0.2108774533101649	198.62877631299907	49.479161650301116
al2_102	0.028209315210393826	190.27539011717388	0.5991825771318326	1.4875931477327573	0.9113156207408001	2.082659733234161	2.634380913145301	4.228592591736366	0.6392773854165731	0.10553954549181414	0.11339297664908195	0.1417900924425308	0.17830911009691947	0.294367964311913	0.1492274619789722	0.3780954636121954	0.39986495475606515	0.09174900372682218	0.35615016620724327	0.15223587530986935	2383.9076122440415	472.5478301108994
al2_103	0.006913354830361002	17.761570319032998	0.8705264266318292	1.129579283423293	0.9992777491193151	1.6317804324539098	2.296518170895452	4.902801081844073	0.12512583864411247	0.5985465425962878	0.17413217857711327	0.10219544018248636	0.41130302088062937	0.08799944791544953	0.20381283108737266	0.29688470011654833	0.17107027079627926	0.2190784223436356	0.3740427821244218	0.23580852473566338	425.30821885738123	63.614352699868164
al2_11	0.013796528122856104	0.7617098578255662	0.05971605530871996	0.8477756677002032	2.088030734397309	3.600189072787631	2.487430876515404	3.706993233002234	0.22787615034041508	0.24602505606104036	0.2522087903840256	0.27389000321451884	0.16061049824553122	0.13707825252105801	0.302149531773774	0.4001617174596368	0.16535829246931255	0.3756355287764773	0.3545484729496406	0.10445770580456953	87.23467590879753	46.10647809643202
al2_12	0.012629117102185209	9.47544985456564	1.339185608550339	1.2595973342438058	0.4028322267703805	3.8786063643850253	9.413910440743539	3.8363637027519086	0.09779904689576831	0.42404758275319737	0.4377855995830113	0.040367770768023045	0.17038825006242217	0.20290141200407685	0.23671385321842045	0.3899964847150805	0.039999884245603974	0.4736082959652225	0.1409705913543393	0.34542122843483414	336.1950586359767	57.13787212938178
al2_13	0.0052858214139482815	1108.9431613509742	0.7076476314093646	0.7157496486372631	1.5752105658172266	2.6996745086925373	6.04176070065424	2.2346035531754285	0.3298992658131988	0.4328185882246864	0.10241396976429866	0.13486817619781616	0.17429234748051706	0.06991714220098692	0.3458600708251245	0.4099304394933716	0.1674342087583064	0.08686711711428609	0.5280618015547566	0.21763687257265096	11596.133589894771	2553.4622421746326
al2_14	0.025103571164977096	6.356344955349284	2.368338589922682	0.3343163078603013	0.30386100026426777	3.5276895773997206	2.3604347830494983	7.136916979827508	0.5645523763039536	0.2549849771845849	0.08457529541535277	0.0958873510961088	0.32432673657509736	0.30588871097618486	0.28730121121623453	0.08248334123248308	0.19616059893325355	0.21631743207626553	0.3222453755349363	0.26527659345554455	227.4607800005028	53.20324000142119
al2_15	0.0017683231163586842	25.71466248908363	0.1653601487539735	2.653702059426724	0.17696331633717846	1.517790072829616	1.824541816683384	4.787920074371683	0.3269219814131329	0.33492236648657203	0.11657749832797093	0.22157815377232412	0.0708688544089297	0.48410575587136895	0.28568269521650497	0.15934269450319632	0.37695641291544	0.20889952636872938	0.20425429409323545	0.209889766622595	546.6208039796633	89.4825980191288
al2_16	0.003631950177180098	10.278304906253995	1.9914616569697765	0.251943046608527	0.7613165424072671	2.9045443146779744	1.7445467487447155	2.6016022093462117	0.26494547877818664	0.52866564044095965	0.06329475825093059	0.14309412252992304	0.2155524923499492	0.37516198527416855	0.3075083007971013	0.10177722157878107	0.16756489321552512	0.3284408343563839	0.1949982795362322	0.30899599289185875	303.7066802702089	50.83997244309139
al2_17	0.01577943578631167	32.32162763788146	0.5204270643190525	1.7035301090220976	0.77375914601275	3.835548634881933	2.5632250088169046	2.6614698327576165	0.29153030245557615	0.1665669358091691	0.22519456378530028	0.3167081979499544	0.2662621769070556	0.21567800235544193	0.16301324279828033	0.3550465779392222	0.20382553940053916	0.12644570105912165	0.5020920692737881	0.16763669026655104	554.5354121838244	59.757215522059056
al2_18	0.004832463371482438	4.100521998925778	1.4900695763032528	0.9012290485444993	0.6110350398013115	2.5653907225408896	1.1163283709038707	1.4106953332914394	0.21426984297399318	0.14457434785910064	0.47104022390125827	0.17011558526564802	0.5602559194248363	0.16880006199717895	0.13922837900375223	0.13171563957423246	0.20773730615625993	0.17510399489876255	0.5160206382659279	0.10113806067904947	200.78366437029703	53.60029379393923
al2_19	0.003338519745722888	107.23069278002626	1.441851136654928	0.9315701528539325	0.6286827635228296	3.8099184133310784	2.2937900069696857	2.222833206398063	0.40197647324303803	0.3320106358938205	0.09468059215525473	0.17133229870788685	0.28399508096284987	0.46333375830216866	0.04648992517981169	0.20618123555516973	0.22424863348573823	0.0791669189869171	0.5892319846246065	0.10735246290273807	1457.0124134735886	156.922326549577
al2_2	0.010806940782386872	2.5466539949420084	1.3960999142272652	1.0067290505452904	0.5990572252951935	2.039304675970906	1.0001967231928044	4.514771968480248	0.2997149593842042	0.42673515504528775	0.21779096988294994	0.05575891568755812	0.354402558499867	0.2029053259084947	0.10502951523392769	0.33766260035771056	0.20434638111936262	0.2408396926234938	0.3859072967421956	0.16890662951494806	141.57328638434922	46.80983762169506
al2_20	0.0022322933470235594	65.9534163783559	1.1555840160119815	0.7941872118255511	1.0509696484291915	1.5852493268106487	4.359328929175365	4.723724944063749	0.3108464214451186	0.16108644191423918	0.10764014186204159	0.4204269947786007	0.19699750951171435	0.4625607302654951	0.05488963027996669	0.285552129942824	0.05722498846728256	0.33313443309419444	0.2798085233022913	0.32983205513623176	990.5904257902059	102.21283666385388
al2_21	0.0047313054460628905	9.180685779246224	0.858501487907163	1.867409642233936	0.27341506742036403	7.564619661458923	2.047064688731855	2.07415008616605	0.04672116747796761	0.4455474512210088	0.3427459127568711	0.1649854685441524	0.6443477785896363	0.17085944098509978	0.1288229454230041	0.055969835002259764	0.16530054441840564	0.312218169561136	0.4647247491403197	0.057756536880138695	250.8711865672902	46.383512625890354
al2_22	0.036324686942728154	133.2127109496827	0.44587309954738075	0.600136996717473	1.9513512042091812	2.4916946699474636	5.9728357676758	2.646841807650341	0.11123743010960202	0.024275046003666416	0.6300128832705639	0.23447464061616774	0.17965859896445271	0.5875715251173529	0.11934851072524928	0.11342136519294511	0.23309546766566464	0.1780518394674538	0.31888058469953656	0.2699721081673452	1802.7932784124205	207.38541811346172
al2_23	0.0027705671694889518	152.49927151582992	0.746777590184585	2.0536604108166556	0.19835617799963828	5.2728490490819055	1.737849180888766	5.231423043639077	0.2602034462086506	0.03743403323183508	0.14094743453905045	0.5614150860204639	0.2852589129996059	0.26757894421112044	0.2823774124044937	0.16478473038477998	0.02357434532339492	0.22415961545650798	0.5798282192134555	0.17243782000664154	1666.9092876558807	186.62967194829025
al2_24	0.0051129264901683446	0.5479258133592708	1.3619369490133426	0.5423686106800965	1.0974179495875767	1.8299187368543612	1.832997294922525	1.431453909961744	0.44891000553320315	0.04316137854164613	0.1896211738625904	0.31830744206256034	0.2469218521039261	0.3895770181388394	0.2239861199805851	0.1395150097766495	0.08640513186371358	0.48523702400577706	0.35741606562727846	0.07094177850323086	78.35032565781486	46.05778315542163
al2_25	0.00830904504074292	85.16775236859957	0.8204519898496678	0.9574979303161294	1.2211950893096775	3.972960660156967	4.266771204098957	2.104756860296658	0.44724780522189594	0.14076525530870163	0.23808218917390347	0.17390475029549884	0.16890910971181625	0.3518471879370155	0.1105639706184473	0.368679731732721	0.41645578091059154	0.15841835710869578	0.25797920282511083	0.16714665915560187	1349.2713099244006	189.83498952959783
al2_26	0.0018372758637401302	14.833092678130482	1.3215930452793383	0.9139925485064603	0.7659458016679128	3.463850371320756	3.9403266372656267	3.254093039247227	0.2291116592483872	0.5275857927648893	0.1405636351227209	0.1027389128640027	0.3285711232200162	0.08649244701694726	0.4184981438586852	0.16643828590435125	0.13720488657097918	0.12317405945147124	0.2167130706401544	0.5229079833373953	391.29241079421064	57.04248148637485
al2_27	6.401405583284911e-4	52.57808468550871	0.9359983891714837	1.7251626148745498	0.33853422637859304	1.4177809333011144	1.7197526269458696	5.4840328852641544	0.21607978065235242	0.3032350059153378	0.06517214820726491	0.41551306522504483	0.10028958611817186	0.38015011097355217	0.28471629518007674	0.23484400772819922	0.5401787555170997	0.016148861144794833	0.051356225591858554	0.39231615774624684	1002.4351340492587	157.484212833159
al2_28	0.007320054574479076	5.200024420480337	1.205507586138413	1.375190333516206	0.42028068789842143	1.5282769854405105	2.3659370354827085	3.5943440282626313	0.15277949644634678	0.08956194523587212	0.40611863098365775	0.35153992733412326	0.16548046423896204	0.18307090163153142	0.388943060271924	0.26250557385758244	0.022492857324976596	0.3853237584638296	0.38878787513763624	0.2033955090735575	218.24003698387455	52.75692459557158
al2_29	0.004195454112267837	30.064390535124545	0.11185790655967942	1.3510432749926131	1.532869570383706	2.2493820303817547	10.555262467943306	3.0308130871765835	0.20975601959125326	0.5349420768480475	0.08497103848719222	0.17033086507350687	0.10736653972003878	0.08231929469781459	0.46441089669281654	0.3459032688893301	0.13220373086409473	0.50989406188335	0.04585586016778778	0.3120463470847675	549.0422841615875	70.56046417019473
al2_3	0.009579273750625858	42.010137502851016	0.6673450318758917	1.9883937206166502	0.3426771762306769	4.042854316309296	2.7790943735494613	2.2376023008255013	0.20709278262846523	0.20614173835640595	0.4297150074606902	0.15705047155443866	0.4176877314844003	0.3016371171122743	0.16290051096131236	0.11777464044201306	0.2040048084676749	0.23631533333086427	0.37918672805670417	0.1804931301447567	809.163305727443	121.07645445362422
al2_30	0.001350830030477242	5.20758127834694	0.7455585247433091	1.1553376381159923	1.097892211068048	1.6686737854903748	1.6202579445239385	4.15860301821727	0.12833127402106245	0.29521016810298506	0.2481598595119926	0.32829869836395986	0.27279989675299654	0.09610032273233354	0.19389488512332256	0.43720489539134727	0.3200867249565542	0.21891648820296278	0.2825987295470822	0.17839805729340072	232.17819275812303	50.12279564750849
al2_31	0.04017973105270891	15.578085408089732	0.47509591483881447	1.1734780578121389	1.3489264840863746	1.9619794941677384	1.8550478310226848	3.0039275255040345	0.22776232442401081	0.31898064934002907	0.14372918890805178	0.30952783732790834	0.285553551570152	0.2555355820593941	0.3179526332059485	0.14095823316450531	0.11392345449566936	0.2883018615823736	0.33727932823989015	0.26049535568206694	328.12445011699043	48.44246779993008
al2_33	4.355981735341751e-4	96.0681965858836	0.379806789857112	0.8436028685091794	1.7736370406330284	3.2378550959634573	1.7816637077721478	2.8691167887629456	0.2247773979009172	0.06858201126581082	0.4375297801930107	0.26911081064026127	0.12545579996990616	0.3522861900831189	0.09697639077877222	0.4252816191682028	0.47883879207133423	0.09718946079637081	0.3698498844292677	0.054121862703027386	1192.3838250814204	200.06110693995257
al2_34	0.021027002234776035	299.66866445644484	1.7128229282154894	0.8968055268175572	0.3937659398632179	1.8546228495459758	3.6465676547984995	1.548650227421564	0.3968651375011939	0.22087442785071998	0.1205576768706976	0.2617027577773885	0.00934220787373462	0.31610010150925455	0.2447380070910347	0.42981968352597616	0.49842305198308773	0.26613751791732765	0.051353104212240805	0.18408632588734392	2552.954456553101	204.89136827189057
al2_35	0.03883150710373248	128.3184400826515	1.7274680720779099	0.45981909202422383	0.816176969574428	1.4953891777638162	1.7765330925216285	3.7978017948077234	0.4236078832828384	0.16776380634732854	0.12974757122305394	0.2788807391467792	0.21804555140524443	0.3457995941717398	0.02181499567673592	0.4143398587462799	0.19351877802120349	0.10281231462086698	0.33939414817332625	0.3642747591846034	1846.2465029569762	313.72228791680084
al2_36	0.0014070317523372288	10.544739665805121	0.5858413720734518	1.339168391165518	1.0730180528185236	1.5648475118336178	3.3658556113693185	2.064183928837947	0.35078891761460246	0.38856843106710376	0.05060337672389526	0.21003927459439853	0.1141134988753939	0.11140114043653174	0.5457459796390213	0.228739381049053	0.42863993269209383	0.24667636898256942	0.282538854816135	0.04214484350920175	324.4458212058623	54.29826301674914
al2_37	0.001058340221758115	2446.937680949139	1.9596815732114279	0.517152809890528	0.527735529151432	8.20391769416311	0.9878811563060659	2.6842535126168543	0.018884683573065362	0.3369894492758589	0.1034754401892113	0.5406504269618644	0.4769415900802166	0.14940592179101167	0.13650957963636295	0.2371429084924089	0.08019857854425219	0.34288663339405784	0.2180981934092724	0.3588165946524175	23471.4758764147	3382.35424269992
al2_38	7.75454967384871e-4	67.93872406244917	0.8121219465140254	0.6484349368351702	1.5385484592532523	1.9588361397167153	1.4144518054342392	2.2948947253109777	0.2551188159958682	0.4384328897583041	0.1673455101610754	0.1391027840847523	0.1827007521578513	0.06874467111867971	0.32445916014708087	0.42409541657638805	0.10897050029143955	0.25136283707072266	0.5146910447426517	0.12497561789518616	1050.3638306988641	150.25095946024535
al2_39	0.07612013558856139	13.10578913188925	0.6966190272003228	0.8744674852376155	1.4274688162630162	3.8756181373539786	7.155828807075619	3.0884721892166915	0.16099721919172902	0.2409688411347543	0.4726859880929985	0.12534795158051806	0.6764494399540738	0.039190390013214525	0.19802743249475846	0.08633273753795319	0.11336355541373763	0.5157050104322723	0.1860530495853806	0.18487838456860944	337.43229524247	55.18713293470649
al2_4	0.019646256160419567	20.141787082874988	1.1720154923658974	1.1116388972037934	0.7171647318225282	1.6178193593693235	1.475410168236991	3.00079198814505	0.10335177811114848	0.35805475484487836	0.12258873940794365	0.4160047276360296	0.230617274101574	0.23038345707100194	0.30605811698425645	0.23294115184316777	0.1968425056362769	0.10904158786649194	0.03767413099963983	0.6564417754975913	463.8897315831027	76.51045600691495
al2_40	0.007722855366671173	6.244902607510472	1.261359925085832	1.260658648566656	0.4792259974193495	1.9838130214643126	1.4056100075011755	2.5918738181655088	0.13644844175299264	0.07240508790110886	0.20857716832883694	0.5825693020170616	0.22456536453733839	0.2076678102137034	0.18166334937915704	0.3861034758698012	0.4618018339002547	0.27589496823475435	0.05605826598609671	0.20624493187889412	221.9550591538381	49.6351732755815
al2_41	0.01753570205813344	7.621246600654304	1.1313836554910022	0.9051970048513104	0.9640449761124066	1.9414621824931353	3.3654197679006743	1.3765924189126777	0.15068117714348828	0.16313304815468369	0.291494888769765	0.39469088593206314	0.11493176595741947	0.2544701465133955	0.0709024356503044	0.5596956518788806	0.2407149283310782	0.2473456407889074	0.10571079929665782	0.40622863158335654	265.4710964727788	61.24125965275078
al2_42	0.005695434856736937	2.4910331406697277	1.3180015009547965	1.2624529414853953	0.42105985042149807	3.3253181540687047	1.63061028873019	2.7066686951429038	0.029983703292379697	0.24332372884063697	0.35265329739160833	0.374039270475375	0.2515211887676603	0.12068037941536369	0.26163014805176316	0.3661682837652128	0.19203677565389765	0.17775276717214022	0.5345156504332297	0.0956948067407324	160.55682245028493	52.910763490297775
al2_43	0.001324106751696448	7.561359595295121	1.3136042355049404	1.1114228064706926	0.5764663115267715	2.770228561818781	2.9210395301248893	5.907133734677045	0.08017830228855803	0.15918163778176742	0.5265973209173832	0.2340427390122913	0.211997500330103	0.07110387901349974	0.5055198149960737	0.21137880566032352	0.12262851863772295	0.722794463811247	0.06916195013547344	0.08541506741555657	248.41111144876146	49.45384881598982
al2_44	0.009797300485868903	10.059601459252676	0.6719284413107862	1.858981808468575	0.46752750470307114	4.627705180523449	1.6213569329696003	1.7893366984226877	0.1855726749194735	0.11858496125763127	0.3655966133156633	0.3302457505072318	0.2931088545975968	0.3234247167149361	0.3179388585594586	0.06552757012800851	0.19743338685967185	0.2423328210946129	0.31190872594285995	0.2483250661028552	314.46461119275415	70.98580677229646
al2_45	0.009077218300358953	1.7822079534879847	1.7895818391349219	0.5762775422887203	0.6379005320960482	1.7221942639012449	2.2020890419070986	3.7537582098016813	0.21388060682629786	0.2103229251958305	0.30741324196149583	0.26838322601637576	0.3043486047143668	0.13176108103727605	0.17589156972471998	0.3879987445236371	0.19501713857045497	0.19172160609778383	0.1451023890197173	0.4681588663120439	126.70335935768364	46.21138609382858
al2_46	0.005962107874234687	12.507923839720197	1.2854051327579812	1.0178534518279148	0.6981004874748568	3.5971538787071458	3.174325784794537	4.334181187893054	0.2409161745067868	0.43495404093084383	0.20003960458232956	0.12409017998003993	0.41526932633075625	0.29375919029479	0.09947877314775536	0.1914927102266984	0.3323754016966343	0.3277046707352322	0.08217895842608715	0.2577409691420463	457.7726985885991	85.96860511725285
al2_47	0.0046383480628266706	24.200006631947442	0.3255446173696543	0.16858908696570293	2.502654603366403	1.1255561709077	2.1064097754432014	1.2705345089325832	0.4353654193934912	0.08892906831487737	0.16806952221523228	0.3076359900763991	0.3661766928122874	0.06510635259870046	0.46387699352899786	0.10483996106001421	0.5115938524213541	0.15630737245018375	0.2638113815391689	0.0682873935892932	550.4342490318032	74.015728032201
al2_48	0.026028702285292964	5.080455100971912	0.36405638357080633	2.1587179800508913	0.47419733344292486	4.312229419340027	8.389465514955358	3.933111193409627	0.15472167478457338	0.14772679439251038	0.1225544232175378	0.5749971076053785	0.6738512075041593	0.06197256527983503	0.08060060847676896	0.18357561873923672	0.2745855562977084	0.3429664410515464	0.3418451845055983	0.040602818145146796	208.51145011899382	49.29050627935022
al2_49	0.023992190506378522	1.606168624337743	0.6167147540734569	1.0174655340350847	1.3639945440537131	4.575233894263629	4.071358906738447	4.628110150285088	0.376775787809149	0.2313996068032243	0.08968330835003498	0.3021412970375917	0.358993052270302	0.2970688126876021	0.10643114761958687	0.2375069874225091	0.3639429551754168	0.012776348391291591	0.5917044422532576	0.031576254180033896	128.59949491062667	46.24404410165575
al2_5	0.019643008989435305	12.95618261049176	0.41100792335969744	1.3232849766805173	1.2629023757853077	2.6649105856784425	3.5513231962144376	1.405119583025904	0.08009963069582822	0.5374104654683933	0.17508752871545816	0.20740237512032048	0.22214292683796322	0.05173463924345438	0.2997080712350508	0.4264143626835316	0.2979963228003482	0.23993063030589581	0.08916764276669356	0.3729054041270625	355.40965052542657	65.2336567732991
al2_50	0.033378005110393634	124.99292600938438	0.9103416541915023	1.5367302633991855	0.5525011379054625	2.1748681459655073	0.9295476468156335	3.2335260331616102	0.01744322696025896	0.28140697717008195	0.09090175571004068	0.6102480401596185	0.19913967785890846	0.10744619000056706	0.5105479600006411	0.18286617213988335	0.05018497323091895	0.31526134666091005	0.16619839267154507	0.4683552874366259	1580.635071471893	155.38003580213157
al2_51	0.0062093625792189735	16.310460325399013	1.1791725355850124	0.5993266155358696	1.2223540514295226	4.485506809094541	3.008072471311258	1.4521835215456218	0.16697917945573706	0.2681991471050315	0.09152765589038561	0.4732940175488458	0.14191162951857858	0.7313133947740187	0.08322836624765895	0.04354660945974379	0.12597157247943278	0.6227200942771279	0.04998146426560058	0.20132686897783886	471.120136927713	84.70850339768961
al2_52	0.0026611480659481557	16.139714612224584	1.0081670856995402	0.95244526852652	1.0394265366582236	3.534120925867572	2.8037137765596136	1.8436838304540348	0.11334370032120177	0.17659358643082312	0.3509020265557664	0.3591606866922087	0.09565882189862335	0.18191171323492947	0.5306927794693399	0.1917366853971074	0.24199171232573433	0.21765007391737104	0.06902780948714622	0.4713304042697485	336.09378845187706	54.72136578829565
al2_53	0.043912310836398766	17.387218870112257	0.5027237566526691	0.8626632673956459	1.632244993840507	4.830597703810651	2.181437159203281	1.9019463908521492	0.3656114930241134	0.2861522474884678	0.025586557328401614	0.3226497021590171	0.30519487888728924	0.2887100085261835	0.20721497051623589	0.19888014207029148	0.42872533194469464	0.2081256269675302	0.10391452981624272	0.2592345112715324	384.3841180574519	46.84396512384706
al2_54	0.004096644146951479	9.64475530325933	1.8658270274486812	0.4129525587659899	0.725343399630323	2.9336718096864423	1.968105576115199	3.9778478712595353	0.3008136689481886	0.29258825857746906	0.17036566289979727	0.23623240957454494	0.5268151571005149	0.0648373723870578	0.2662741508851508	0.14207331962727668	0.15611971177858888	0.3975954716825539	0.30423177002862944	0.14205304651022785	325.07954337340277	59.027163877921566
al2_55	0.012984229846493054	768.0053101348036	0.8199741211442123	1.4146457912233372	0.7645228215426614	2.0116566215430316	1.5932572116702421	4.111501169390889	0.4373627522273476	0.041075760668421876	0.12598253811199356	0.39557894899223695	0.33327584715302305	0.3921619962905841	0.07566005969096189	0.19890209686543087	0.19323964857662015	0.43668585313895597	0.19469128810724812	0.17538321017717576	7865.243794893485	1068.000734722803
al2_56	0.0014663181113392394	1.405955239373057	1.1488256554104073	1.0576321607138184	0.7942508774729669	1.1878400275524101	5.905961523098712	3.911509653885894	0.1348150419514118	0.3374308733255003	0.19489296901513406	0.33286111570795374	0.06855820581515416	0.04385668454794002	0.3358351183472852	0.5517499912896207	0.08783012389149664	0.16508125052941722	0.3512807079031676	0.39580791767591844	113.64336554103313	46.50092201341348
al2_57	0.0046512257991297296	19.751826570140143	2.063145983908019	0.7532881312993159	0.1886284847160365	6.663021562086443	3.7431493135423213	2.6588543153616193	0.22599936048357905	0.13105930429557655	0.31285111940072724	0.33009021582011716	0.6240981260193964	0.08525525039490077	0.09367765354174015	0.19696897004396266	0.06262204129014268	0.3224874211691002	0.20447085443294596	0.41041968310781135	516.6179176546825	94.1007608974937
al2_58	0.012142058948857108	4975.934791426159	0.32210025909657003	1.1106962596098198	1.563975387289308	8.791674576712863	3.168766776457986	4.479697864890429	0.15956339008633688	0.25152261084687244	0.47088268888567486	0.1180313101811157	0.1259910113707691	0.09178390477456082	0.4988641606536316	0.28336092320103845	0.4013944950191383	0.08957349776741808	0.3555188513923634	0.15351315582108016	73157.7020160781	15292.004019300224
al2_59	0.010876526015159226	18.259318708309973	0.737224503562686	1.377761484066707	0.8837627004828101	5.815828410260078	1.5974761188522486	2.279347189953816	0.5688567539058403	0.2295922523320331	0.11132261894536068	0.09022837481676575	0.11700024584977603	0.1761469222403591	0.14790029605237118	0.5589525358574938	0.3635027585594089	0.1588675418435221	0.1517952587719464	0.3258344408251226	445.2232520417669	56.41177672813128
al2_6	7.611503185083175e-4	20.109520028055872	0.5955441988020213	1.4423485063088122	0.9601813148834618	3.445584354915756	2.9808239492786237	2.7384636450870907	0.21332130704223326	0.1765530061124545	0.2915699644771308	0.3185557223681814	0.1839254373942259	0.18748983733964703	0.29511428505323667	0.33347044021289046	0.42635734298193145	0.16123929900661255	0.09260779517568507	0.319795562835771	475.1466071810859	72.01388177189321
al2_60	0.006091788015103306	1.126529741463395	1.0934913080121473	0.5325718900600835	1.374381998632589	3.891357958682022	1.9453008323825944	2.017972244819926	0.11793624906324371	0.1884012679906059	0.3059612914520926	0.3877011914940578	0.21195430780762303	0.3963976143516922	0.29764296209462265	0.09400511574606212	0.07707431517395996	0.2567421358161275	0.4843810571127754	0.1818024918971372	102.07129868049361	47.1757604072994
al2_61	0.05944581417563931	111.61828408998586	0.2176945308125987	2.221596156281087	0.5569840487673268	2.9173418632078945	2.462932512967441	2.7944207002037547	0.20090323689804826	0.3748708311638286	0.06960917479963717	0.354616757138486	0.2527693245379984	0.32771402463514626	0.32147206069182394	0.09804459013503129	0.1332458872390508	0.36253783822150915	0.27312680921006444	0.2310894653293756	1441.219401634027	147.7799112888877
al2_62	0.1150260105208861	40.0782723585602	0.7736147780746065	0.586128568510595	1.6391786285484873	1.8934936825743482	5.959080571578933	5.044137634895589	0.21351786270108133	0.17801830980709094	0.19038641580362772	0.41807741168819995	0.2969765794069202	0.1935179790089399	0.18247682463913004	0.32702861694500984	0.4267239097974102	0.31522729156859786	0.08730836511386195	0.17074043352013016	676.6541936567452	94.96406816250018
al2_63	7.229078108169137e-4	37.69564735722717	0.46324112745747426	0.9649226495111974	1.5692802284001737	2.6140645513800687	2.0026927757640602	2.799535173300369	0.17511813874868318	0.3634579687085533	0.2909725367125357	0.1704513558302278	0.3306063691585647	0.13154702486796382	0.419658252469943	0.11818835350352842	0.3573037399023834	0.21154510530859613	0.2596464362093705	0.17150471857965005	561.2401508286338	59.77788752446953
al2_64	0.0016748832680785935	5.902666003985193	1.9098672085305566	0.3196095715637348	0.7748559208987116	1.8077188687821277	5.2418379737657705	3.3765988970256617	0.18208699338628365	0.08570301979456053	0.05086392831316732	0.6813460585059885	0.04236585899378187	0.16517562239440367	0.36093641989751646	0.431522098714298	0.22777043879367634	0.3579478768207199	0.2952675826678522	0.1190141017177514	260.24704018020566	55.22732797497664
al2_65	8.094444193484405e-4	83.21807141450527	0.8242306020206345	1.235338281744218	0.93959411910191315	2.370103763054853	2.6863969432283445	2.366527396008253	0.07598336012042771	0.15050235291518435	0.6578673565462332	0.11564693041815481	0.3326224509896815	0.014543723953276435	0.31359480577834453	0.33923901927869754	0.22650237265678558	0.15684956360955654	0.4992313782449869	0.11741668548867093	1283.0996848915884	244.31950657760265
al2_66	0.002757898102844794	15.898247850473556	0.6018878037300254	1.157844769003269	1.2383716549035155	2.559339975281636	2.3527420880217393	3.905322640024342	0.13619015686136382	0.09058312391721524	0.7000601965216822	0.07316652269973876	0.032261270988966695	0.359646659211459	0.366217066045858	0.24187500375371626	0.16569494707416643	0.41777939745158826	0.18340918027919206	0.2331164751950532	378.50202497495275	60.095629231653795
al2_67	0.004388858982146793	0.7526759073385344	0.9674678982067334	0.6380638182259218	1.394313368796901	2.458142240424927	1.1451498112858356	2.256602278091313	0.15186516870419736	0.18066609177156762	0.5093245918742597	0.15814414764997534	0.1661810717572846	0.2548815432484353	0.03263800006303725	0.5462993849312427	0.19840211331108104	0.5259844315018893	0.23938487966274882	0.03622857552428083	83.87127684428036	46.350810113172884
al2_68	0.009861555644974752	154.66822113737211	0.929849786936411	1.575753965066965	0.4940621993629882	3.2656736622855584	4.808884118499942	4.514561312654054	0.057497039718350046	0.35357469427801624	0.35096370165179286	0.23796456435184074	0.21046586363597014	0.3362304233660647	0.17735542999962436	0.2759482829983408	0.31571324529763467	0.17924495495596796	0.30208277047994625	0.2029590292664512	1983.3376299497381	299.00474028851437
al2_69	0.0013174993935083223	3.13769194568511	0.07665451841089524	2.175664501749533	0.7432840965939094	2.075859541610202	1.6572859171882222	3.842038492063255	0.05516288402453121	0.17537374339003065	0.5595887268268132	0.209874645758625	0.17577287997643298	0.058708066977714274	0.5521395425342253	0.2133795105116274	0.12654598623051597	0.35029031827211	0.34061090236513053	0.18255279313224354	171.93590003294406	46.73067884820347
al2_70	7.382355135365265e-4	3.401416832342522	0.9021325807658377	0.18585513823201866	1.9115462456724575	7.507180809107854	4.095713328219798	1.9411004473483129	0.18725398917407118	0.11377230420205027	0.36334091214324016	0.3356327944806384	0.31750538248557764	0.08355300406393712	0.23274579361368578	0.3661958198367995	0.08047413049961556	0.0573861992208966	0.6175579810241809	0.24458168925530682	163.43297063448608	47.36740018010885
al2_71	0.0036246890961245675	64.62467735419783	0.5787588055468282	0.284515422718758	2.134719861284637	2.909776485547068	4.898015226548327	3.239675364911399	0.6136209301796925	0.057146787480087155	0.1953800013523312	0.13385228098788896	0.0983996209797157	0.2867895977273581	0.33379205228283126	0.28101872901009484	0.24150631025365588	0.12229693055335175	0.3182543667896964	0.3179423924032961	1040.7811725975341	152.32675893765818
al2_72	0.00393008209779438	5.398484497003293	0.3534995959536114	0.5056313814590729	2.137790449234714	2.8012890104713963	1.3537591797080324	1.8278327786362396	0.1172699580130167	0.27576686550505025	0.3698605333788983	0.23710264310303483	0.18558624831837564	0.3093873241576517	0.1006151169317122	0.4044113105922605	0.3523824715792244	0.40798180998575656	0.024059659873116687	0.21557605856190237	217.64124211535793	48.73875481357789
al2_73	0.03332754702786794	23.562506702493053	0.5848732648468432	0.6769491439802302	1.736200797196007	2.1119661902673306	3.6367517097327715	4.430849672871243	0.19396637493066046	0.2558759415734848	0.34082983534021183	0.20932784815564293	0.19385990593153368	0.2806379187023559	0.07601804351528238	0.44948413185082803	0.11772278885603721	0.3875223913589544	0.15963140352128294	0.3351234162637254	501.9713639388929	66.65600411699408
al2_74	0.005006779067988099	2.7928178098719854	0.4770094280405264	1.6511061021532611	0.8693940385111674	3.8074637062181544	3.0390366388172727	2.8870225525880753	0.24683502405572008	0.02198811318892655	0.5006477903338673	0.2305290724214861	0.6307786019210067	0.11454828046847833	0.074127427963475	0.18054568964704	0.3857447834636904	0.3787321179095658	0.1028910517920917	0.13263204683465213	148.36704060947355	47.00809936478942
al2_75	0.013901206803010619	0.3005472696860503	2.348097146590011	0.26625307141366306	0.39206929221818326	2.691124769940063	2.960136913688768	1.823596720157393	0.23247215660350812	0.2764374927388111	0.3615541151057193	0.1295362355519615	0.08083023562093573	0.299110038334043	0.4249447605207159	0.19511496552430538	0.12290842955899377	0.18402075962114128	0.4930658802872788	0.2000049305325861	65.70811354022861	46.147647429207204
al2_77	0.0013536745813109018	16.529365205002048	1.2116875650711476	0.5127069356622304	1.2766135352907704	4.038476361739321	7.039312054253191	3.373788098512048	0.5286598620155947	0.16441402232710534	0.004728591951414244	0.30219752370588576	0.1716136087003935	0.055015825473156366	0.6910196775725929	0.08235088825385725	0.33145911940110817	0.23821129892662257	0.16170946384146712	0.26862011783080214	414.02010223430375	73.17344290830921
al2_78	0.004101451526759576	1.2685815363889459	1.3723863133292589	0.750166296188402	0.8792206586410499	2.8408069674074055	1.5312408306154093	1.2046764393511475	0.25071200670190036	0.03758103664138784	0.18535120704795563	0.5263557496087563	0.15293768853354126	0.328181857731759	0.20391864691829895	0.31496180681640085	0.274919268643827	0.044373379066776075	0.13614673209530012	0.5445606201940968	111.29785465074954	46.655665921949875
al2_79	0.03008752649104645	31.00209294503103	1.162207053307658	1.6339075559384384	0.20465780529346397	3.346717559048239	1.743645457025536	3.9730906118615428	0.15072422870582514	0.297205864174524	0.09126390148130709	0.4608060056383437	0.11595910026456989	0.5675930291599531	0.15927951929661063	0.15716835127886655	0.3762892442884516	0.03572118509203705	0.2979930660431763	0.2899965045763351	620.6889463183821	112.57890646734417
al2_8	0.018337381017649264	1.279681326048715	0.5835676139336811	1.8276448116935757	0.5868045630105228	2.3496464396278394	6.706262981854688	4.760410348623038	0.44875110669418466	0.20526844201408753	0.17815407200766173	0.16782637928406596	0.607648980296368	0.17719703195170913	0.14514056160577177	0.07001342614615103	0.15185973626038324	0.04501258124647821	0.4593391722790724	0.3437885102140662	113.9193217719806	46.39176497841535
al2_80	0.005178474502899521	246.22620058887867	2.037604106276822	0.6810684483450526	0.2862684173127771	1.9135395449177108	1.4772960165376607	2.7054617427656042	0.09884475106840758	0.11633742172467018	0.6014059417846408	0.18341188542228146	0.2209664727814351	0.15773403683430026	0.41326227622283407	0.20803721416143073	0.18419676263834708	0.11400143777777434	0.22853962507662934	0.47326217450724917	2256.1028354462214	291.0002061583379
al2_81	0.015204771243396824	57.911065755406156	1.4443542960734785	1.3240248962656003	0.23373678049936655	3.3226261031970417	1.7548354559500396	1.7786564687013353	0.14768275923550492	0.6387991139788205	0.13716258915362634	0.07635553763204836	0.37145415522504094	0.10499369607430865	0.18896688987045193	0.3345852588301984	0.565824689676084	0.0777981749905728	0.13943590391407149	0.2169412314192716	842.2089406593597	80.66540080738096
al2_82	0.003253379775316716	9.100517803217235	0.856430847639205	1.5187734831044264	0.6241120066260794	1.9338559432153848	3.2903367312888716	2.2988985819875385	0.3401566041569814	0.22718464008172679	0.3348663383392599	0.09779241742203204	0.10574929997807898	0.35017326301825863	0.24592769158200017	0.2981497454216623	0.6207879492478492	0.21014347501291478	0.09072876632657578	0.07833980941266015	273.3289875445368	46.94859314238516
al2_83	0.0025425436708512157	98.8361752539783	1.0173582737955225	0.5044826113248904	1.4782417733262325	3.0329078539657712	1.8262417576699699	4.192531198316946	0.09559899123768596	0.32523552722631016	0.390590033017083	0.18857544851892089	0.6351107611802485	0.1458402449864089	0.11388748133177892	0.10516151250156372	0.4712263003120568	0.21745407669508907	0.19954364615510894	0.11177597683774515	1179.7758282824161	139.33247535195292
al2_84	0.0015038297030122655	24.511247452773564	0.286339504995409	1.0981378998235822	1.612124211871463	4.193018186358035	2.750442670692238	3.9623048705101653	0.10406621895508414	0.14650986030009502	0.6312597509224909	0.11816416982233012	0.2676229682779301	0.5646758925302673	0.06696471266991659	0.10073642652188594	0.228896835302663	0.10399031073906115	0.5857816661447653	0.08133118781351044	508.0162717334604	65.28941729397215
al2_85	0.003556426348630489	0.3624887293548622	1.7964473068141362	0.7250647780948171	0.48228052131397137	2.4619024903544386	1.6230747072838967	2.06471323050512	0.41456820890234886	0.09174820421375905	0.1034360186293183	0.3902475682545737	0.10705103810113041	0.45785583730373397	0.29553731202603245	0.1395558125691031	0.19557890324847962	0.15535454697669523	0.4115771614483736	0.23748938832645144	72.30121232472311	46.46178343898854
al2_86	0.02278009713166775	2.4294449437745693	0.47141328555805173	1.4429491687485019	1.083120466100866	3.201278292785926	2.767339144769851	2.969176879342622	0.41418242992988424	0.10777993846279289	0.3438844825235746	0.13415314908374823	0.2710506307005098	0.2512972365882282	0.3649441579090775	0.11270797480218442	0.16870557483879856	0.47725564760259304	0.21796000320478146	0.13607877435382698	142.63164980191442	46.52249321031548
al2_87	0.02534514521292851	272.88331378132244	0.5441127517187175	0.5853553456753439	1.8683610109474564	1.3442905960574214	3.0404222833325845	3.1265832850955917	0.4873567908535046	0.20761733253977516	0.04375962619430668	0.26126625041241364	0.12971316329666469	0.5820331718072318	0.12459170238907394	0.16366196250702963	0.11985219815126506	0.417061373943592	0.1573226277826502	0.3057638001224927	2958.3902652307465	287.85517503283575
al2_89	0.00582853289498118	0.6678905539050864	0.614864244236571	2.1411109418187393	0.24219083415533962	3.0380665371755047	2.010122993712204	1.387087300684334	0.07377908760199778	0.16447538735867254	0.43390448231927703	0.3278410427200525	0.04219197424801614	0.5894317610855632	0.12504573752624523	0.24333052714017545	0.22580692413391243	0.14023850115030756	0.2708327181067011	0.3631218566090788	84.94118414182347	46.35133377916317
al2_9	0.01504252167830336	548.157566046478	0.680992987288561	1.5025510485520455	0.814936883146482	2.3155545377937	5.968716999461463	2.5668034543433156	0.5536989568065184	0.28513460337569707	0.15543455677546691	0.00573188304231742	0.11294970552533688	0.08957803455128727	0.5203282996658485	0.2771439602575274	0.1428475373202193	0.2454386469393781	0.5309711344780189	0.08074268126238364	6450.820470062093	1001.3581459924103
al2_90	0.0027580955609175957	1.4958693579656852	0.8054789901697795	0.9768359923117557	1.2167587269954638	4.437675301667137	2.4683741358986495	2.526337507282862	0.20549917686976837	0.1301796695780747	0.4670357028096078	0.19728545074254922	0.37020066385415046	0.13646929800323918	0.2952541790709072	0.19807585907170316	0.05669028396238016	0.038262025002776326	0.5378667982600724	0.3671808927747712	123.53979370324757	46.35169300810542
al2_91	0.00987260282259621	28.6489798894748	1.3165731251032138	0.8563108603965354	0.8286235055721709	5.77185161634504	3.7075025311986334	5.102552472709139	0.3276111054716391	0.14884134104017696	0.296662228522267	0.226885324965917	0.1907374314229632	0.08972339231710097	0.3362169124979698	0.383322263761966	0.2250575984964286	0.15939808185593707	0.20557999982079728	0.4099643198268371	763.2062212258869	160.45069179495158
al2_92	0.00195002401614276	11.998227339484957	0.8166617627772906	0.5940091696216698	1.5884560283761693	5.713632275427126	1.4999038894062482	2.6817881260170364	0.13940906168175943	0.29350804557612337	0.30422160325447906	0.26286128948763815	0.18183841726906305	0.09947125068443016	0.6018052581758503	0.11688507387065647	0.26642713568538867	0.13527782064859933	0.34423984445008743	0.2540551992159246	306.7404969364744	46.79304147348922
al2_93	0.04921054459378974	106.97526623579925	1.691038966000311	0.7252134523049532	0.5870382434375947	2.370126828635294	2.4024234069929595	2.390079463249168	0.19683281648691953	0.15161748822124144	0.4784682625166711	0.17308143277516794	0.3043908247879396	0.31008074293419485	0.11741742111605824	0.26811101116180724	0.38871824993701787	0.2912399290080848	0.27164984955373944	0.04839197150115792	1708.204838184839	321.08006677626224
al2_94	0.003198976167106052	110.86566405463458	1.452941219969912	1.1246425288481838	0.4245731141341421	3.7247663961037287	1.6767703105409557	2.575752134165094	0.1393462742316029	0.20489927955459203	0.3793279458930049	0.27642650032080013	0.18306851780164768	0.05787319522919357	0.33354474650042354	0.4255135404687352	0.3096524000780455	0.11673219199253786	0.14203253125596157	0.43158287667345513	1792.5877873873922	269.88943530719285
al2_95	0.005695670208323694	64.10471858718755	1.4273268520632698	1.378321272648517	0.19638676505994315	9.892879717968333	0.9878482047507956	1.4748897166422457	0.11880123951637363	0.31754286462450454	0.08877449882204261	0.47488139703707916	0.33048433341863964	0.0482811447008292	0.37634214580348135	0.2448923760770498	0.3361905708403488	0.17968632103451612	0.3224937361349055	0.1616293719902296	1027.4282602072187	128.3986328551869
al2_96	0.0021029231095978816	0.8733364739699401	0.551144615681362	0.943812882740434	1.5029050949862108	2.632866127298722	4.126949937044515	3.590468783169712	0.39725157830340546	0.1492326691031391	0.1221070747520665	0.3314086778413889	0.3768546405050263	0.23989480058600235	0.19157213640508114	0.19167842250389008	0.08023897435349224	0.2405077699357596	0.20516019602261568	0.4740930596881324	100.78107428849565	46.025493023671125
al2_97	0.013520103242676879	18.813807142462846	0.8258058352723325	0.9419273743784115	1.2314372943267438	1.7342068725042508	3.1162356057388827	1.54989430027271	0.3356674693292528	0.24909224665861918	0.2430156546630965	0.1722246293490314	0.39459566905379034	0.07530324694631634	0.34487469278877275	0.1852263912111206	0.29191152046531016	0.06512831566849804	0.49086050462523834	0.15209965924095342	405.8511002368339	56.14022186019461
al2_98	0.003886840537332489	48.26802407708765	1.2891964709927792	0.9229554084060357	0.7892252466535314	1.2871020750147628	3.9146809803610725	6.405784070594036	0.02563764286465274	0.21131701768098657	0.19090890360080173	0.5721364358535591	0.1441347854422413	0.04697976558086028	0.49570630698666496	0.3131791419902335	0.2712889959392748	0.4072807514737733	0.05305502696795994	0.2683752256189921	786.0059603878306	105.05325026787098
al2_99	0.016999272336760768	47.120526864182736	0.8939157939979787	1.0118489709670266	1.0937300721492706	2.928730100775949	2.212394871351582	1.3900319104240815	0.472806005127519	0.2538551373530192	0.22378223248360019	0.04955662503586165	0.22332189784322776	0.14434396214457512	0.2539842324917327	0.3783499075204645	0.10076703387996974	0.11199181948863772	0.7260335944213439	0.061207552210048734	760.3652241599965	68.25827971971472
