parameter	al2_0	al2_1	al2_2	al2_3	al2_4	al2_5	al2_6	al2_7	al2_8	al2_9	al2_10	al2_11	al2_12	al2_13	al2_14	al2_15	al2_16	al2_17	al2_18	al2_19	al2_20	al2_21	al2_22	al2_23	al2_24	al2_25	al2_26	al2_27	al2_28	al2_29	al2_30	al2_31	al2_32	al2_33	al2_34	al2_35	al2_36	al2_37	al2_38	al2_39	al2_40	al2_41	al2_42	al2_43	al2_44	al2_45	al2_46	al2_47	al2_48	al2_49	al2_50	al2_51	al2_52	al2_53	al2_54	al2_55	al2_56	al2_57	al2_58	al2_59	al2_60	al2_61	al2_62	al2_63	al2_64	al2_65	al2_66	al2_67	al2_68	al2_69	al2_70	al2_71	al2_72	al2_73	al2_74	al2_75	al2_76	al2_77	al2_78	al2_79	al2_80	al2_81	al2_82	al2_83	al2_84	al2_85	al2_86	al2_87	al2_88	al2_89	al2_90	al2_91	al2_92	al2_93	al2_94	al2_95	al2_96	al2_97	al2_98	al2_99
μ	0.009382463044384759	0.0029804082822229524	0.003334672927925802	0.021591029939940935	0.0073210445580763825	0.009162140003388228	0.0014691679877526541	0.007690586073203704	0.00639486567416939	0.034111575720084955	0.0017116140876324462	0.00799570576358213	7.286487365250159e-4	0.008661815805675595	0.0020167537611604303	0.0020388973847446454	0.010400943054259693	0.02261862153936313	3.7385107198661943e-4	0.034795908721314245	0.020691381749075276	0.00262140455165783	0.0076149342907921545	0.0025772593897365158	0.008427447565982384	0.004944376421752208	0.002424303012796282	0.006926007857864092	0.021677931553488863	0.13662893440843618	0.002677816631454744	0.005417420849972233	0.007662827453102425	0.017176977960025763	0.01423042777529838	0.005927489890684911	0.05620708494142626	0.005347674495462842	0.0011075152989121928	0.03269497642241956	0.011694271432083984	0.0029797270349667844	0.0053233268924538345	0.009417641895394383	0.02427613415534516	0.007092494716305224	0.01273496374879258	0.009074797384570718	0.011031612682483039	7.251882959464673e-4	0.002537930635426445	0.02353243310349033	0.007615217272103801	0.06670887249974632	0.0014588808787521915	0.07231798328550579	0.0029577431373884046	0.0019111009896150683	0.0028761536764714338	0.00471169280892959	0.010771608568535304	0.0018790787958234201	0.004895505815856386	0.02075258351744657	0.011125701914524578	0.006876998114101568	0.003487020671664676	0.002285874174207834	0.07895252225726093	0.0038412899659160575	0.0033931789196406706	0.00922127086041877	0.009378737789648947	0.001291836024904479	0.0013711077469815932	0.0015673318754453487	0.003157698748074174	0.049081145668638824	0.013726720335112191	0.08408065867269955	0.014665838611143176	0.0020506949470406165	6.025803430215698e-4	0.0032636096522346606	0.016940101677023693	0.0038564411979702473	0.009229810061631379	0.0026113204660081863	0.003466886032693934	0.011931090603569575	0.002451329646015219	0.003358418760142777	0.028144051426824728	9.560678227002198e-4	0.019430930330495103	8.203438760671014e-4	0.025627322015905556	0.015471938080137183	0.0023533528221897945	0.001667322172412026
Θ	31.981273513061723	23.758866731031212	8.065534626294108	41.96144455792109	965.9967409565132	475.0022311024291	115.22403940331372	18.849573410529	17.218386401322324	1.4562337987306535	31.060796077746787	0.18499400023962517	5.366693441233976	193.21818902408	186.73590823957133	2.0093008345693883	1989.8626484203735	7.040817230144222	101.17775818619478	17.145561325403268	4.3677397398039055	42.98508189353429	27.131812638604888	202.28038485463657	37.86233508504968	15.00781422309567	400.67993071156144	79.67489206647463	10.073219187021992	2.7094714825603416	21.996022904864812	22.901330016751597	19.095513294660257	45.4564681992564	105.91855981783621	2.4188919289335216	10.79006002133785	16.70295156128721	3.7111147391142203	18.216967927070126	13.059560009684297	6.357484327200617	29.800562920166037	4.970495404294152	556.870960311285	100.24778112354812	18.131345952619412	69.59136701417013	3.048301221905992	18.40030299214719	0.7193481444300196	3.031003121881783	345.30442335329064	6.192735262111583	165.5762607312432	15.95402638548227	22.15067959293211	34.173024948810635	12.656683305117374	16.637238070894952	474.62494603272705	110.52219828307408	186.69082480217355	15.226038674703721	0.6673674217896577	225.33519568309427	11.595950409096398	23.85643051090334	73.59405749522583	99.09316355802423	232.20011758513337	22.498157290454866	39.06658923381555	119.85328790579682	124.9814145232118	1990.3768087769963	1.687287898450312	3.163602483813851	46.80795812002374	138.73618288940614	429.4807793993088	46.02894940039824	4.341997849315709	9.680189485343037	64.61176346846693	27.071953462981437	81.86249845250697	1671.6908981361576	275.50536109460467	59.56227056013134	3.8371959077293525	10.459789601119835	59.94002315540577	171.5286630984423	2.796496088992253	83.18327767769509	0.4793983046132998	0.8237264846571132	0.20464333743207677	24.64911853884117
r_0	0.45837076644479763	1.2199597934224657	0.7476899225736114	0.5768046618909897	2.6283822041823113	0.5320795908613398	0.3043341312000619	1.0781153198200883	1.0589559164709228	0.4381266466221104	2.7071386894213	1.8661912949042336	1.6817742040113424	0.23991875936546878	1.2649453436845937	0.7250423633996269	0.8269206408183081	1.6641591894843237	1.2536433666801807	1.7053266129896463	0.836627522958048	0.7596234037561889	1.3406908371782686	2.1404753120312354	0.9843282267364376	0.5163337975422873	0.7732448881560902	0.6071235921207554	0.1311189086993642	2.0970340035925856	1.285812424355363	1.843402598584445	0.6707591738252525	0.8936343435810382	0.7794177031377104	1.225134039391492	1.5224831520925404	0.21968382101471848	0.36331405615186935	0.18121597376070048	1.1352518937725387	1.6258877261272255	1.0678225452544503	1.2479745795693737	1.6675471600667056	0.9047138218563873	2.2933017087940444	1.9870776157595482	0.4422481717451228	2.1337672131682575	0.7552321386606369	0.22594774163727904	0.6348119272156793	0.5055974135664612	0.776994114037143	1.9270792641912302	2.1882916932627534	0.7351090505699612	0.5600500244725819	0.4328243748343739	1.0576330531883185	0.6397724928878908	0.5787946548275534	1.2520482245510556	1.816717443769295	0.57978159623453	1.8103159232752293	2.215956688336096	0.3218028625024822	0.16021335205458426	2.243117076710913	0.8861419707021638	0.41034134040576303	0.2930020888670697	0.9848929293309205	1.3091496665997209	2.0271897026977124	0.46472874692740207	0.9100180484753878	0.42889302630899645	2.131381754692465	0.7841688422073299	1.7004085570486187	0.6068461949980538	0.980090992750362	1.4046536049127467	2.2214645362207475	1.6461212545672614	0.6501302741729899	0.7665182850518732	0.713512873905848	1.7448346318855614	2.7606028670758844	1.4007470188445528	1.8444616629801611	1.1818816337718756	0.3892344890118382	0.3664542414273037	1.169039680207851	0.8008347055584215
r_1	1.2708146167776013	0.8900201032887672	1.1261550387131944	1.2115976690545054	0.18580889790884447	1.23396020456933	1.347832934399969	0.9609423400899559	0.9705220417645387	1.280936676688945	0.14643065528934998	0.5669043525478833	0.6591128979943289	1.3800406203172657	0.8675273281577032	1.1374788183001865	1.086539679590846	0.6679204052578382	0.8731783166599096	0.647336693505177	1.0816862385209762	1.1201882981219056	0.8296545814108658	0.42976234398438223	1.0078358866317811	1.2418331012288566	1.1133775559219552	1.1964382039396224	1.434440545650318	0.45148299820370735	0.8570937878223184	0.5782987007077776	1.1646204130873739	1.053182828209481	1.1102911484311448	0.8874329803042541	0.73875842395373	1.3901580894926409	1.3183429719240656	1.4093920131196498	0.9323740531137308	0.6870561369363873	0.9660887273727748	0.8760127102153131	0.6662264199666472	1.0476430890718065	0.35334914560297787	0.506461192120226	1.2788759141274386	0.4331163934158714	1.1223839306696817	1.3870261291813606	1.1825940363921605	1.2472012932167695	1.1115029429814285	0.536460367904385	0.40585415336862324	1.1324454747150197	1.2199749877637092	1.2835878125828133	0.9711834734058408	1.1801137535560549	1.2106026725862233	0.8739758877244722	0.5916412781153525	1.2101092018827349	0.5948420383623855	0.39202165583195214	1.339098568748759	1.419893323972708	0.3784414616445435	1.056929014648918	1.2948293297971185	1.3534989555664652	1.00755353533454	0.8454251667001397	0.4864051486511439	1.2676356265362991	1.0449909757623062	1.2855534868455016	0.4343091226537674	1.107915578896335	0.6497957214756906	1.1965769025009731	1.009954503624819	0.7976731975436266	0.3892677318896262	0.6769393727163694	1.174934862913505	1.1167408574740636	1.143243563047076	0.6275826840572192	0.11969856646205794	0.7996264905777235	0.5777691685099194	0.9090591831140623	1.305382755494081	1.3167728792863482	0.9154801598960746	1.0995826472207892
κ_0	2.664686923647272	2.4160195497163937	1.9551796808258797	2.824703891130396	5.6923142337984345	1.8283197446356307	3.6883016651462963	2.338866091803043	4.418301586942009	3.503993870961279	2.324104728445349	0.9837199850182763	1.3714338343314325	1.9113963709846995	2.675740154231379	8.885565201208964	0.8046370021335335	5.600807877496893	3.4393066131757353	5.160544088199849	4.744040136851298	3.4845830443242094	2.455093329235054	2.57618297755158	2.064901340421763	2.0244753525535772	7.874597829850258	0.989451290499331	6.094338288014039	2.2078823800756147	4.375329362693613	1.6114827858604819	0.9866778816827435	3.7646478564191153	3.1456777704764414	2.041221603102562	1.6745149489124151	3.852710176874474	2.2749897234604637	4.985302478016513	1.5047352761178154	4.104793182590381	2.001063351706698	4.181695479279977	2.9016529961322957	2.36823223818096	4.526535695632925	3.220244989338146	0.5386242848708496	3.1398431026410925	2.077841553522009	5.605658346234977	5.1406049244376	3.330382115943618	1.84658394988015	2.745125021992962	3.4263585216376535	6.894009882093844	3.1907556234945704	2.4479646960104153	1.0859012457789012	2.2661846626633064	2.7124880223704912	4.360987929869364	2.0036444629023915	2.455999682416164	4.844993082320704	2.5123785955589835	4.529398655727096	5.669747481861562	4.884988431007511	2.1389692369388644	2.2807894121450953	1.2699303484381301	4.1846413671354306	1.0933375774207708	5.812279108973874	1.9732278424784069	2.492589235085299	5.22617921593603	2.258363273677218	4.599688025766131	2.842682747251152	4.279380136779171	1.9463198306937577	1.451555835346069	1.902955118493499	1.9265326424566727	2.058760086424944	3.8125434963908194	3.73422548317145	2.2356277472603203	1.779677367082644	3.216996470242693	2.0118888119036984	2.392946408182642	3.4911087431666488	1.4756279929388432	3.5651917788333187	1.8748570577393016
κ_1	1.683413615358407	16.126952164534465	5.548254378361764	1.032738844480346	6.349601513926302	3.577879107419142	1.9692477638560515	3.416169236944196	2.439784883069928	2.8023965660033032	2.68676858118599	7.832595115127347	1.865010249447682	4.965736722824018	2.923179085019424	1.5040849428737428	10.850368925371985	1.780636516935312	3.1991871375452248	1.8036012903089031	3.176372618363983	2.635358318416674	2.539889912141818	2.136299483461827	3.358537645894295	2.0559819373493764	4.0276914305435625	1.5808632572718673	3.2288374295869584	2.75046656089453	3.191707526278683	3.326358533085894	5.734736493911025	3.936164591785607	1.7426457446902284	1.7968156669303181	3.630014256693458	4.360457457561797	7.173297504929261	3.2348421376544967	1.2849549490291554	1.5036834048618464	3.0157971326040003	1.5198013882273353	2.205213463059012	2.9116598230992423	2.803789738059507	3.107735847133935	2.3143182389270462	2.5422934755529463	3.2151574740395183	1.3440641500865427	3.6362200234769855	8.866941137705775	0.8165320448931248	3.935753930650632	1.8170510767566164	3.2006739240578965	1.6892055438180322	2.480593079309958	2.3215639113896804	1.5789461817575594	2.6649819995549957	3.183492068443131	3.852973801843606	1.6745997446675391	1.5234805696726839	3.7169639172778957	1.7557104433228603	2.7211034015868605	2.4814834719176067	1.2823045995390827	3.246675113483268	4.037122044463796	4.1348305184733265	2.9922949014106157	2.082878664828718	2.1099085813456475	3.312611989485727	3.2219733888660893	6.947793202192935	1.9997525435595813	4.298141355657519	3.8800811324771884	1.3233354440587464	4.510680236223774	5.370422051329302	3.7209216522939186	5.4966259013527425	2.1466158784349476	2.314415498318655	4.093436757786401	3.7280129944762996	3.948201214798483	3.8737139042506947	5.1339694356507515	2.1592962179966353	0.8412665182216426	3.826902419027695	1.8197422607653397
π_0_0	0.14650740708610605	0.26569807566610315	0.10181897479382847	0.3549926480687623	0.5521654343903253	0.42834991832956454	0.3185548362718531	0.36460585640440363	0.31090732006792243	0.3907183107439263	0.45782899804396093	0.2917040263429831	0.20099047828354674	0.25442759695971245	0.2579796744136193	0.23694245863360516	0.317189489849208	0.36303972187288597	0.0555358329735459	0.14710675558500438	0.34776589493172355	0.0962010946904168	0.395871508578642	0.07147277985694823	0.18889327424846808	0.037685672628824975	0.34076155154914495	0.32180621812043514	0.10702079342958956	0.12547800792573097	0.1257450774988411	0.30340616542973026	0.15228267797097317	0.2827156698006037	0.3846517471033268	0.44226778304810116	0.03940013772179374	0.06074071859112521	0.4607054259684065	0.25182005868081203	0.107179684459518	0.18039316538023017	0.12150357261241028	0.2901482349065027	0.5400843293997928	0.035129426247030505	0.3982218719004194	0.07166031476593758	0.2796642703135205	0.3429812576800425	0.4641494389974244	0.11370378051295775	0.1482604758474592	0.2821983999285855	0.4205537353449408	0.11286060192049524	0.3445263914171134	0.23318286953929	0.19543428760775194	0.15454872835480155	0.2161788007930179	0.46612498054726037	0.24171271275424525	0.4379694340181313	0.34193055556514546	0.13983476789182783	0.09021508096270237	0.2971467765783735	0.1351751593394927	0.15889386301806988	0.029176009068910786	0.339828862522474	0.39449810421520864	0.2880922086924464	0.07664315193268968	0.5643125840278277	0.28846914162185333	0.5949775400888737	0.2783031522138794	0.13089419685809484	0.3609812381027681	0.540940136297662	0.6619669206660562	0.1251753078734443	0.05314592088796998	0.15677660446094024	0.277932907030835	0.20685627917277208	0.12163235295769738	0.169574914911046	0.3353460706671687	0.15929311651181566	0.14137025170411266	0.37347253496168004	0.19632384043345227	0.4247501053954027	0.23840812410925538	0.10851688454317758	0.22869819773621225	0.09452558269176625
π_0_1	0.1491622898680756	0.19986976650268756	0.41491060030039917	0.31886820764668466	0.21287391644818154	0.10981439128636362	0.24185565207111936	0.26817373693267904	0.4192391221032175	0.2325495229445501	0.21491506814105948	0.17480685146284822	0.12209842248841134	0.22248297562691338	0.10803234023599158	0.22955133310637083	0.18514024776505822	0.18997636116993244	0.4962388431247581	0.14106769856849533	0.06182092317319806	0.20975578636657433	0.32967054923650035	0.15041452207175654	0.39303912959468423	0.21148008087727643	0.48559664462871127	0.37933486235965086	0.12217157687475388	0.0693288190009371	0.07758743065732972	0.4590521437626145	0.22214614623420437	0.2472001069765989	0.041036572902609626	0.19644021990779062	0.17408805452094528	0.08438545105538205	0.29314110229032136	0.23489677520795177	0.44741576314741666	0.17499858695405632	0.27720442290765945	0.25221208317384486	0.10591630711064408	0.1243599971941196	0.1314854587838966	0.04166162859715035	0.18730522319937218	0.31849582223046574	0.3205443494331099	0.44351816148430434	0.5301142814843497	0.21710168873965177	0.16643949388502494	0.27095173698423436	0.06999979704027644	0.2591747034060858	0.27443362249002173	0.33423604129442935	0.30992358321178287	0.18458546161541114	0.38005093279842905	0.2156796546476999	0.2024238679830355	0.34143194713832525	0.15319414529181097	0.045096419652399716	0.23075505941352734	0.37659195050817984	0.35977707824143484	0.20186525267013392	0.23041846797475313	0.13220157554387504	0.3962000888097313	0.15585208902137906	0.21248813007144193	0.14708043833888437	0.5262950829828565	0.1405757153168607	0.34162631894126666	0.09720853962202124	0.05957789282421617	0.4857088951733456	0.31285777568691964	0.49897696315409595	0.18988212861018222	0.12049839915000045	0.17560004700308154	0.4552121236094638	0.1458375528140622	0.10940081458212893	0.24724135850673892	0.32023834941347473	0.28197988597367735	0.127065446882397	0.1886957410271874	0.42797406293284435	0.44887995560398275	0.7175815985962869
π_0_2	0.1986817529488223	0.3364201228103435	0.18571342549322983	0.2575418375221306	0.06132265507088717	0.25671275149120326	0.17473153388064402	0.038933396270434455	0.2287823646338428	0.3286668674055421	0.1293818962776914	0.26792110626659055	0.38486977032895603	0.3273611532049941	0.21733212353859113	0.5004752898618873	0.20655138726633554	0.19161473025524786	0.3252678220640631	0.4149979996829709	0.17991653990003878	0.4004936941042978	0.15987096595140726	0.2737377927826157	0.11512884865009658	0.23353138156603875	0.015536157209830204	0.04150875789757029	0.16611844545446142	0.240082139574177	0.5464298859260588	0.15470539388619373	0.3484691396037549	0.2562939014709762	0.3965236342474909	0.2535415097379845	0.5068193756688372	0.41517172810915115	0.0924927527068686	0.25878004487509754	0.08605977660911097	0.33003331583808587	0.2719164513115668	0.35873101277236485	0.0961125278357349	0.40308293301539405	0.24392321181615742	0.7715112257014841	0.41214421874938545	0.11131390550527538	0.15235034312931528	0.2509198367177981	0.29606970399560617	0.30339593235134915	0.2598066670363168	0.454706392243097	0.34536985094099165	0.18868193931303073	0.402718563370899	0.09360484902593978	0.23819624502846024	0.24986473504863305	0.140753469248059	0.18410954944606428	0.1503323832401443	0.14782526578149358	0.13442889356613777	0.1568778634432945	0.21065781024521235	0.3376141564625791	0.47388117995887524	0.34343750565303616	0.14727564137554017	0.2823213199682495	0.13844596279049617	0.026948005461140966	0.18134047727581085	0.10602991666304594	0.10370648073246205	0.5917604373241723	0.06169838829716623	0.11939614516495571	0.13075207316558626	0.3678348932474102	0.3260850686530451	0.27394396980049385	0.34378708406022124	0.28378994569115834	0.2517490644884373	0.2772265196121183	0.20097578434020255	0.09291935648334093	0.022790830233195496	0.1114312177780043	0.10192347017069352	0.3725893614836938	0.11977332215296954	0.4050295782703497	0.24269937932845279	0.1146254334044954
π_0_3	0.505648550096996	0.19801203502086573	0.2975569994125425	0.06859730676242239	0.1736379940906061	0.20512293889286853	0.2648579777763835	0.3282870103924829	0.04107119319501723	0.0480652989059814	0.19787403753728827	0.26556801592757806	0.29204132889908596	0.19572827420838015	0.416655861811798	0.03303091839813673	0.29111887511939816	0.25536918670193387	0.12295750183763285	0.2968275461635294	0.41049664199503966	0.2935494248387111	0.11458697623345043	0.5043749052886796	0.30293874750675115	0.5173028649278599	0.1581056466123137	0.2573501616223438	0.604689184241195	0.5651110334991549	0.25023760591777033	0.08283629692146158	0.2771020361910676	0.21379032175182122	0.17778804574657275	0.10775048730612374	0.27969243208842376	0.4397021022443416	0.15366071903440354	0.2545031212361386	0.35934477578395446	0.31457493182762764	0.3293755531683636	0.09890866914728771	0.25788683565382825	0.43742764354345576	0.2263694574995265	0.11516683093542798	0.12088628773772182	0.22720901458421652	0.06295586844015039	0.19185822128493987	0.025555538672584845	0.19730397898041352	0.1532001037337175	0.1614812688521734	0.2401039606016185	0.3189604877415935	0.12741352653132726	0.4176103813248294	0.23570137096673896	0.09942482278869529	0.23748288519926664	0.16224136188810456	0.3053131932116748	0.37090801918835326	0.6221618801793489	0.5008789403259322	0.42341197100176764	0.12690003001117128	0.1371657327307791	0.11486837915435594	0.22780778643449806	0.2973848957954291	0.38871079646708284	0.2528873214896522	0.3177022510308939	0.1519121049091959	0.09169528407080195	0.1367696505008722	0.23569405465879908	0.24245517891536103	0.1477031133441412	0.02128090370579984	0.3079112347720654	0.07030246258446993	0.1883978802987616	0.3888553759860692	0.4510185355507838	0.09798644186737185	0.3178405921785666	0.6383867124227144	0.588597559555953	0.19485789784684093	0.41977280342217677	0.07559508623850632	0.4531228127105878	0.05847947425362851	0.07972246733135219	0.07326738530745153
π_1_0	0.2780065672687868	0.17369154193775924	0.03925852404143938	0.15063342019471848	0.04220324182100454	0.3068289790888414	0.31819530382033445	0.21867057629517272	0.1935285205998819	0.09956915530645387	0.04441657581434988	0.2869629861222671	0.11603988996394402	0.13414138170617904	0.22004118858168717	0.6099245139411409	0.18231164922963738	0.2527455759481368	0.22685073492915286	0.1550325804053746	0.46675181984367836	0.3941042848003496	0.44346269427422946	0.15037887707717487	0.3812889415649209	0.30166814909281203	0.19322303512502895	0.3163142372076038	0.4526028014481511	0.2356201039072778	0.30007206423785693	0.09872785109237936	0.27822757664973846	0.2623819299898239	0.10960926181954399	0.40359404892792905	0.19139600396696926	0.3139942850500102	0.11669817889151583	0.37226803059077274	0.49064536404897624	0.3207305800397111	0.06317139522246736	0.3787578801579811	0.08263510740488582	0.2593146220324561	0.15314198568513865	0.18274872873776726	0.2818075556900134	0.07388112239227689	0.11749321663052861	0.12594417050403572	0.23868364384411805	0.22286045801857177	0.08548320939124245	0.21942739663715308	0.036239999135238204	0.14653044785031383	0.22280896356145216	0.3535840402909155	0.2554287658552018	0.3054616770076415	0.1311295842232937	0.41237600794230206	0.17813661873236517	0.130303425889385	0.12344423110277937	0.23026924617051744	0.13538887560348242	0.25979768588668284	0.2678871072694084	0.23028975100090712	0.18364027016280465	0.1898620108309509	0.6747824074149829	0.23847081530010744	0.2923242100309669	0.14093777320240528	0.4723751555515659	0.6259358059836243	0.34849306423699855	0.3840268381402257	0.4982244537205544	0.11107242488136146	0.1378515516182513	0.18985451011605914	0.15850248432218514	0.11273085951167956	0.0620282656768333	0.1500475036899816	0.12120165924257793	0.4410090113180705	0.27939047001820155	0.2804840934910754	0.1321357554903118	0.5421370680415315	0.15081569276837717	0.21420552277091767	0.17047533512009025	0.11797899774444569
π_1_1	0.5570160799148763	0.5953772436064064	0.211504859257142	0.19947817770154896	0.4533072623834437	0.2061787532887211	0.2763820859182375	0.5666593771892009	0.2987672421066804	0.3194503388915462	0.09673991731944626	0.16180922966355774	0.18069124030302797	0.2612778525018019	0.23445525360084235	0.19486191721356833	0.2433932605382855	0.27287981881307494	0.4211266638998396	0.20169696615553045	0.08592414507818824	0.3942956231291504	0.03133590482841316	0.40449932791437176	0.2758216701737158	0.16997344124713842	0.25271380009048616	0.24799219038918982	0.22208354814631845	0.14933433033477145	0.24258682914162485	0.328479905455542	0.15626122322657351	0.30061648772425537	0.541818756876138	0.22236385228615005	0.23468387569307567	0.10800707185973264	0.44372607704734507	0.1505477722072223	0.15643640030498462	0.35280713285353227	0.15565472464561086	0.48533314134626726	0.17579256405227853	0.06577786271582806	0.36338135775051356	0.2850506279434849	0.052607443889273145	0.22300745271312092	0.5250906460610943	0.38131756300772157	0.3382517200190622	0.5123970581915673	0.3228768057987165	0.05583646700453178	0.251140586779546	0.18201408502898064	0.19657721560408076	0.29559405275354517	0.4879940329957918	0.08487900505134786	0.24355441087489152	0.2814833905515621	0.09333180143410981	0.3072950168997585	0.23214806510439848	0.1114449632137034	0.29827947570600993	0.3357790931972187	0.132671236341828	0.10428947796219669	0.10015312206890747	0.24673405840494414	0.02437843497570076	0.0359685086738918	0.4919543033483467	0.15454303925723925	0.1849897050529468	0.04265693978439457	0.08397564384321779	0.14650950566524315	0.051213461828597054	0.3794604275157952	0.36114220276138126	0.05084546274333684	0.05328258747026837	0.476295755644575	0.24798033185878243	0.07067950841830824	0.32479566244022195	0.17861649320300785	0.09749097261868023	0.4972935532639361	0.4021594265302495	0.09814475817956876	0.14354585968459982	0.2233483177728756	0.28646035773163836	0.6876945302859626
π_1_2	0.11362935029116314	0.05144400643483149	0.626594961506274	0.33245387126605314	0.08656294041470718	0.4410610721341582	0.09151019269985501	0.10778016713256518	0.3564232698988798	0.347499855158744	0.5658022050283722	0.37459393438297656	0.15243844753678418	0.37156571508258407	0.19526183724307397	0.052752832749554085	0.25257234409139673	0.07122230091930233	0.31196399814651626	0.5918623257992675	0.10592461335438458	0.11585699686148505	0.37950993427325885	0.3738590930813489	0.16311091181879056	0.07503014925141167	0.2528536481372664	0.15702245375488488	0.09790141172990795	0.44136826049040717	0.15024800040616795	0.41023302126326855	0.4960777164258696	0.2143944609513461	0.14797759206324257	0.13181323454716082	0.028205093976025896	0.46051813523705215	0.33786222078760303	0.2256852005352346	0.1394613381895697	0.11206101769386718	0.34465157304784544	0.05756816459928472	0.39830574386243156	0.4576557322542179	0.28493600297641813	0.23586817448591565	0.10810268762914711	0.5623178696208527	0.213679358276886	0.4278838239998563	0.15277821288818608	0.17276994908093102	0.2648886946121759	0.4018820745486264	0.6311484779802775	0.3128418179853109	0.5267478021615383	0.139148815729428	0.14190918788087423	0.05327810708101465	0.3578573645177303	0.12503283244446145	0.43195793653076736	0.3493125986874194	0.42042789213534326	0.39928705041523815	0.32578705607333475	0.1392445727330591	0.21950192400164534	0.15797036848286167	0.41456992643009605	0.3088570452745757	0.09007901553519171	0.23959281757015924	0.136011615289906	0.23246774929341765	0.17920000022460467	0.21310065397333747	0.3021084100690163	0.26472300591861486	0.13577655777701536	0.29581755446968605	0.2868946241522952	0.6425711908556184	0.334568074993779	0.32143717625910384	0.579224178976857	0.10371040565030837	0.26300707190522093	0.1861678135421406	0.41302934855324047	0.046496384024758176	0.29420957849916846	0.20647149533616324	0.4085772732236729	0.18979313191808592	0.3935979446061285	0.11251241620121961
π_1_3	0.0513480025251737	0.179487208021003	0.12264165519514444	0.3174345308376795	0.41792655538084467	0.04593119548827929	0.31391241756157306	0.10688987938306121	0.15128096739455793	0.23348065064325585	0.29304130183783156	0.1766338498311987	0.5508304221962439	0.23301505070943482	0.35024172057439645	0.14246073609573667	0.3217227461406804	0.40315230431948607	0.04005860302449128	0.051408127639827605	0.3413994217237487	0.09574309520901489	0.1456914666240985	0.0712627019271044	0.1797784764425728	0.45332826040863794	0.3012095166472184	0.2786711186483214	0.2274122386756225	0.17367730526754355	0.3070931062143502	0.1625592221888102	0.06943348369781846	0.2226071213345747	0.20059438924107548	0.24222886423876006	0.5457150263639291	0.11748050785320505	0.10171352327353615	0.2514989966667704	0.21345689745646954	0.21440126941288945	0.4365223070840763	0.07834081389646684	0.34326658468040416	0.21725178299749792	0.1985406535879297	0.29633246883283226	0.5574823127915663	0.14079355527374943	0.14373677903149099	0.0648544424883862	0.2702864232486336	0.09197253470892984	0.32675129019786503	0.32285406180968873	0.08147093610493845	0.3586136491353947	0.05386601867292885	0.21167309122611133	0.11466801326813209	0.556381210859996	0.2674586403840845	0.1811077690616744	0.2965736433027577	0.21308895852343707	0.22397981165747902	0.2589987402005409	0.24054459261717298	0.26517864818303943	0.37993973238711826	0.5074504025540345	0.30163668133819177	0.25454688548952936	0.2107601420741246	0.48596785845584156	0.07970987133078046	0.4720514382469378	0.16343513917088262	0.11830660025864367	0.2654228818507673	0.2047406502759164	0.3147855266738333	0.21364959313315732	0.21411162146807228	0.1167288362849855	0.4536468532137675	0.08953620858464158	0.11076722348752735	0.6755625822414018	0.2909956064119792	0.19420668193678106	0.21008920880987786	0.17572596922023032	0.17149523948027035	0.15324667844273657	0.29706117432335016	0.3726530275381208	0.1494663625421429	0.08181405576837218
total.br.len	636.3745109123417	528.5920303629648	309.8805345092389	678.0815535004599	13857.409667599435	6448.530350044134	1616.6183398490946	476.63003824503875	431.817240562076	116.6306825161961	703.6531973435117	57.025361082960465	244.935966038397	2230.462468050558	2039.1598605641268	134.53488331397168	17177.256097194317	215.76375319641278	1379.8021153618222	459.57415249671016	214.90020019832056	785.1262754982474	575.4527704367531	2557.652537881511	561.8158422727591	442.9927508294853	3620.5801709612188	1703.7066398416605	300.78871285421036	146.96557541191703	493.0278692052214	488.72803130913826	422.3007694607528	848.9482574955676	1686.3033038777578	139.09374905722854	331.6087283822199	489.25299698108597	186.51820199044056	445.3482906964817	358.1773468306236	238.68045391279347	756.434823104359	211.6144975982753	5350.990272685142	1238.7369559380707	374.4567320821654	1038.241721267692	170.1530611732133	411.8560569941825	84.83638106470052	147.05877435681947	4266.107133734502	274.9520787754246	2106.0085469985893	380.032802509301	432.5362375660247	711.0087012488318	348.01120969911517	413.6271228360426	4948.8650621529	1360.779162294335	2410.2515457828513	367.2593285370761	91.30261110529754	2197.131906802899	343.6866308181139	551.776291626304	1005.4160844801061	1130.8042114938003	2699.262962433411	696.9658757250281	702.463251725154	1463.1421407628181	1616.3805154117842	20503.614979562582	131.52577565180619	153.41891439397426	754.2735882195245	1439.791704735908	5562.379634444647	623.4972418479522	181.04675221396235	275.1719926172834	927.3324521389434	752.9658644872218	1035.1942529917853	16421.2093807282	3495.291291015308	835.982198496298	161.41707135480314	305.9889516170428	876.3265891516326	2041.8556581391113	146.28636372869755	1059.7214973043294	75.0640168510008	89.0732797066721	59.91052257759362	525.0950315252026
tree.height	74.12475782256712	89.73345263063743	54.511546308330274	73.47349690938807	3636.2125788756853	1444.4632672775099	214.3074561809456	84.53386855230143	81.3999492893961	47.44232380152133	131.01176653325658	46.21291948971543	67.58932361533475	298.98166323407946	331.7617096463952	48.75675395411725	2107.2607217858576	46.212772688784106	165.08399572579214	73.44040372546084	47.51106168111251	112.65130124346132	60.50862087266101	441.7891130176462	61.966658704194074	79.77626504344792	484.0269920228044	360.50437021035907	48.440979358684345	47.618663687331754	67.40167765398722	71.93914347387899	58.785051215917534	136.66932093472215	201.9711244797282	46.58318155704565	75.02427659795505	109.49051273109536	48.2711023565871	63.14469052510884	55.60713576885447	59.23699379161465	126.18358534099818	46.119465312322824	462.8813046434587	149.3274018126608	49.97730417052222	152.55034156747328	50.01103004266214	63.05359302325532	46.03836512325967	46.11673030610839	787.0676007211504	66.44923549282369	340.4360451585989	49.74414176330544	54.00003504486274	131.7479467864559	70.71610246610895	54.035252207178864	742.0116813788546	136.58342349500197	422.57678616763616	52.8144708527934	46.12533844303846	325.625994818554	58.86739538497576	70.86011577635269	101.55279457822566	102.21331700614711	382.46640052260165	153.13413782762174	77.32793103830387	132.8926916816136	178.06969986866406	3774.7111887769897	47.33182743476542	47.33131251554509	77.3155696952004	154.45883956793955	839.9371238544231	57.7813107709498	47.27408448457835	54.547308517500916	113.73136569877103	159.9049401880795	118.57712109218166	2101.4195840634247	688.4524166634025	86.20395178031741	48.362750511980245	51.866602920203164	95.58877545469481	185.746689353026	46.107296236229296	108.31462612380018	46.651735958345796	46.00052883864244	46.19622784742255	70.30548424906918
